CREATE TABLE IF NOT EXISTS USUARIO
(
    ID    SERIAL PRIMARY KEY,
    NOME  VARCHAR(50)  NOT NULL,
    EMAIL VARCHAR(50)  NOT NULL,
    SENHA VARCHAR(150) NOT NULL
);

CREATE TABLE PERMISSAO
(
    ID    SERIAL PRIMARY KEY,
    DESCRICAO VARCHAR(50) NOT NULL
);

CREATE TABLE IF NOT EXISTS USUARIO_PERMISSAO
(
    USUARIO_ID   BIGINT NOT NULL,
    PERMISSAO_ID BIGINT NOT NULL,
    PRIMARY KEY (USUARIO_ID, PERMISSAO_ID),
    FOREIGN KEY (USUARIO_ID) REFERENCES USUARIO (ID),
    FOREIGN KEY (PERMISSAO_ID) REFERENCES PERMISSAO (ID)
);

INSERT INTO USUARIO (ID, NOME, EMAIL, SENHA) values (1, 'Administrador', 'admin@algamoney.com', '$2a$10$X607ZPhQ4EgGNaYKt3n4SONjIv9zc.VMWdEuhCuba7oLAL5IvcL5.');
INSERT INTO USUARIO (ID, NOME, EMAIL, SENHA) values (2, 'Maria Silva', 'maria@algamoney.com', '$2a$10$Zc3w6HyuPOPXamaMhh.PQOXvDnEsadztbfi6/RyZWJDzimE8WQjaq');

INSERT INTO PERMISSAO (ID, DESCRICAO) VALUES (1, 'ROLE_CADASTRAR_CATEGORIA');
INSERT INTO PERMISSAO (ID, DESCRICAO) VALUES (2, 'ROLE_PESQUISAR_CATEGORIA');

INSERT INTO PERMISSAO (ID, DESCRICAO) VALUES (3, 'ROLE_CADASTRAR_PESSOA');
INSERT INTO PERMISSAO (ID, DESCRICAO) VALUES (4, 'ROLE_REMOVER_PESSOA');
INSERT INTO PERMISSAO (ID, DESCRICAO) VALUES (5, 'ROLE_PESQUISAR_PESSOA');

INSERT INTO PERMISSAO (ID, DESCRICAO) VALUES (6, 'ROLE_CADASTRAR_LANCAMENTO');
INSERT INTO PERMISSAO (ID, DESCRICAO) VALUES (7, 'ROLE_REMOVER_LANCAMENTO');
INSERT INTO PERMISSAO (ID, DESCRICAO) VALUES (8, 'ROLE_PESQUISAR_LANCAMENTO');

-- ADMIN
INSERT INTO USUARIO_PERMISSAO (USUARIO_ID, PERMISSAO_ID) VALUES (1, 1);
INSERT INTO USUARIO_PERMISSAO (USUARIO_ID, PERMISSAO_ID) VALUES (1, 2);
INSERT INTO USUARIO_PERMISSAO (USUARIO_ID, PERMISSAO_ID) VALUES (1, 3);
INSERT INTO USUARIO_PERMISSAO (USUARIO_ID, PERMISSAO_ID) VALUES (1, 4);
INSERT INTO USUARIO_PERMISSAO (USUARIO_ID, PERMISSAO_ID) VALUES (1, 5);
INSERT INTO USUARIO_PERMISSAO (USUARIO_ID, PERMISSAO_ID) VALUES (1, 6);
INSERT INTO USUARIO_PERMISSAO (USUARIO_ID, PERMISSAO_ID) VALUES (1, 7);
INSERT INTO USUARIO_PERMISSAO (USUARIO_ID, PERMISSAO_ID) VALUES (1, 8);

-- MARIA
INSERT INTO USUARIO_PERMISSAO (USUARIO_ID, PERMISSAO_ID) VALUES (2, 2);
INSERT INTO USUARIO_PERMISSAO (USUARIO_ID, PERMISSAO_ID) VALUES (2, 5);
INSERT INTO USUARIO_PERMISSAO (USUARIO_ID, PERMISSAO_ID) VALUES (2, 8);
